number of partitions,execution time
60,0
120,357.6250586146853
240,563.812639368422
360,676.036567028446
600,1378.935314245491
840,2022.1617138665947
