number of cores,execution time
4,40.3727923794
16,30.718780279159546
48,20.673483848571777
80,20.296967697143554
120,10.603028535842896
