number of cores,execution time
4,50.9384038072
16,38.77774953842163
48,25.366617679595947
80,19.055657863616943
120,14.703187227249146
