number of cores,execution time
4,400.3749279734275
16,380.9374024702
48,320.3740274247
80,250.39740327402
120,200.92387047230426
