number of cores,execution time
4,420.940372047047
16,380.6458420753479
48,340.5261242389679
80,250.65521574020386
120,150.59333491325378
