number of points,execution time
0,0
409856,815.2189743518829
819712,1252.7358434200287
1229568,6727.398461818695
1639424,10022.277187108994
2049280,14617.38798237972
