number of points,execution time
0,0
409856,602.5467212200165
819712,1018.9784338474274
1229568,4202.498195409775
1639424,8478.9776096344
2049280,11172.968807458878
