number of points,execution time
0,0
409856,460.4033143520355
819712,810.7487699985504
1229568,1871.7765200138092
1639424,3078.302680492401
2049280,4200.098190307617
