number of points,execution time
0,0
409856,300.09217953681946
819712,518.5667719841003
1229568,989.0413217544556
1639424,1178.7149143218994
2049280,3032.991012096405
