number of points,execution time
0,0
1000000,3.145080327987671
10000000,53.47503399848938
25000000,165.9552812576294
50000000,300.99987387657166
75000000,479.73922991752625
100000000,743.0642492771149
