number of points,execution time
0,0
1000000,12.949893236160278
10000000,144.36886191368103
25000000,366.37368655204773
50000000,835.9537327289581
75000000,1315.858941078186
100000000,1707.2529995441437
