number of points,execution time
0,0
1000000,13.488152265548706
10000000,26.150304794311523
25000000,96.43094277381897
50000000,257.2503740787506
75000000,401.1402397155762
100000000,578.3563001155853
