number of points,execution time
0,0
1000000,11.898916006088257
10000000,92.61231899261475
25000000,363.85117506980896
50000000,1248.0835168361664
75000000,2136.5366327762604
100000000,3561.557936191559
