number of cores,execution time
4,230.87493798797
16,170.34115266799927
48,71.23298788070679
80,56.31305956840515
120,33.209548473358154
