number of cores,execution time
4,180.0740777207
16,155.16382122039795
48,140.96340227127075
80,120.64142632484436
120,90.35560536384583
