number of cores,execution time
4,80.273473042
16,67.5712685585022
48,59.55677342414856
80,35.681676387786865
120,20.35560536384583
