number of cores,execution time
4,450.0237497394794
16,400.379827973
48,380.32743742704
80,330.8927343734
120,299.2387942793792
