number of cores,local skyline
4,1190.8379293
16,1028.3290840384025
48,923.347927497492
80,894.392438042
120,839.0972390874924
