number of cores,local skyline
4,1602.2963493649
16,1530.238479327494
48,1400.8237498237497
80,1343.3874923749274
120,1038.7483247327493
