number of cores,local skyline
4,889.08347507
16,804.036753876
48,745.5730503
80,700.398598375
120,626.09832570379
