number of cores,local skyline
4,891.7305947
16,726.348953840583
48,685.4958037574
80,537.09845834589
120,507.9038275037
