number of partitions,execution time
81,7.3097357749938965
256,4.238765478134155
625,8.234953880310059
1296,10.6118905544281
2401,25.745890378952026
4096,66.8003659248352
