number of dimensions,execution time
2,0
3,150.387497429
4,390.138741979717
5,600.9382797497298
6,688.2080480280184
7,1498.218747102
