number of dimensions,execution time
2,0
3,144.08035516738892
4,386.7700152397156
5,627.17622391237
6,801.1823791273918
7,1502.127427912
