number of dimensions,execution time
2,0
3,78.15141534805298
4,180.237402307204
5,276.093842849084
6,400.2732032
7,876.32874274074
