number of dimensions,execution time
2,0
3,112.03887224197388
4,274.32528948783875
5,374.9392960071564
6,573.6755423545837
7,1200.2808001
