number of points,execution time
0,0
713935,364.4805427085942
1427870,379.324404479201
2141805,391.8075695546206
2855740,583.4704653782073
3569675,626.5217024009887
