number of points,execution time
0,0
713935,103.74165951704316
1427870,344.5254330624265
2141805,546.5802536461148
2855740,629.8620668861613
3569675,839.304464570203
