number of points,execution time
0,0
713935,51.49754145395602
1427870,184.4010663824977
2141805,296.412936616283
2855740,387.97445049096274
3569675,507.2323874320841
