number of points,execution time
0,0
713935,353.21349859833447
1427870,529.428965938537
2141805,733.6774612741499
2855740,926.4837109466971
3569675,1038.2846331412945
