number of partitions,execution time
81,449.37215662002563
256,331.5542538166046
625,290.6925587654114
1296,281.02288269996643
2401,298.58395314216614
4096,336.52441668510437
