number of dimensions,execution time
2,2.1273014545440674
3,2.0901365280151367
4,2.2325637340545654
5,3.145777702331543
6,3.754605293273926
7,6.479900360107422
