number of dimensions,execution time
2,4.71952486038208
3,5.6433634757995605
4,11.045666217803955
5,14.56168270111084
6,21.2398479274927
7,30.9328794798379
