number of dimensions,execution time
2,2.25932502746582
3,2.793271064758301
4,4.13407039642334
5,5.825639009475708
6,8.497026443481445
7,9.014296770095825
