number of dimensions,execution time
2,1.258010387420654
3,1.609990119934082
4,1.6718189716339111
5,2.405447006225586
6,2.908947706222534
7,5.205552101135254
