number of dimensions,execution time
2,2.1293044090270996
3,2.1286842823028564
4,2.568814516067505
5,4.49959397315979
6,14.945447444915771
7,67.32386136054993
