number of dimensions,execution time
2,4.72027587890625
3,3.667306661605835
4,11.534383058547974
5,20.205915451049805
6,120.03528141975403
7,148.86836886405945
