number of dimensions,execution time
2,6.261701583862305
3,1.6470158100128174
4,2.8905749320983887
5,5.260721635818482
6,15.136485815048218
7,68.43565011024475
