number of dimensions,execution time
2,8.25941801071167
3,2.7980217933654785
4,4.194893836975098
5,16.81729245185852
6,28.53236961364746
7,68.72426724433899
