number of dimensions,execution time
2,27.805081367492676
3,28.45419931411743
4,32.6402907371521
5,40.7714385986328
6,60.7572956085205
7,81.61709356308
