number of dimensions,execution time
2,18.07950258255005
3,20.416269302368164
4,24.109981536865234
5,35.15791082382202
6,40.838143825531006
7,42.39224815368652
