number of dimensions,execution time
2,28.34050989151001
3,30.7381534576416
4,35.66199064254761
5,38.755247592926025
6,43.33212804794312
7,45.70174551010132
