number of dimensions,execution time
2,30.13069105148315
3,31.384873390197754
4,36.19109392166138
5,51.45509958267212
6,55.500672340393066
7,59.7370982170105
