number of dimensions,execution time
2,8.32984093802842
3,12.384340287
4,60.73584342002869
5,138.39846181869507
6,184.27718710899353
7,244.32234222972
