number of dimensions,execution time
2,7.00839383938
3,13.37402730427
4,61.3027403740274
5,136.27407307074836
6,187.7234730427047
7,193.09827398729
