number of dimensions,execution time
2,6.2374203472
3,8.092179536819458
4,50.56677198410034
5,80.04132175445557
6,102.7149143218994
7,150.99000232344
