number of dimensions,execution time
2,13.987353402
3,30.220740022
4,67.473270472947
5,150.23094092742073
6,231.23283408402983
7,300.00000800756
