number of dimensions,execution time
2,21.818206310272217
3,17.392012357711792
4,116.93826794624329
5,263.24238443374634
6,501.83274293742977
7,880.9836492634927
