number of dimensions,execution time
2,4.7920074462890625
3,2.566204309463501
4,3.6041293144226074
5,6.245042562484741
6,8.976916551589966
7,11.72379847397429
