number of dimensions,execution time
2,35.741286754608154
3,5.786346673965454
4,5.983167886734009
5,13.286778211593628
6,50.14214873313904
7,260.3151755332947
