number of dimensions,execution time
2,7.035870790481567
3,3.698399066925049
4,10.321022748947144
5,19.493956565856934
6,27.66365647315979
7,39.5148823261261
