number of dimensions,execution time
2,603.23707072033
3,760.39257205705
4,910.2389047293073
5,1271.9082737023
6,3878.192847917
7,4206.294372937402
