number of dimensions,execution time
2,800.387420740237
3,1087.3945720348
4,4023.93480727
5,5588.38740273
6,13484.837270407
7,14618.343984207972
