number of dimensions,execution time
2,550.4930580370473
3,700.0921795368195
4,618.5667719841003
5,1029.0413217544556
6,2378.7149143218994
7,3030.832749237
