number of dimensions,execution time
2,698.39740234
3,1602.709349273
4,1937.309725430927
5,5045.10789247302
6,10237.204780237402
7,11170.87934927938
