number of points,execution time
0,0
713935,979.262790146234
1427870,2437.930855765631
2141805,4084.726159428646
2855740,6772.334013541386
3569675,9034.825691557713
