number of points,execution time
0,0
713935,1230.3961649956989
1427870,4582.866047055488
2141805,8670.16557646088
2855740,10385.809408395904
3569675,15670.914002464626
