number of points,execution time
0,0
713935,1230.8102509498726
1427870,3231.72652211779
2141805,5503.556876858218
2855740,9752.168255919823
3569675,14764.41475428037
