number of points,execution time
0,0
713935,3635.9128369153013
1427870,7830.92341445818
2141805,13912.63542311571
2855740,20522.59606875232
3569675,26636.037302083143
