number of dimensions,execution time
2,0
3,357.6250586146853
4,563.812639368422
5,676.036567028446
6,1378.935314245491
7,2022.1617138665947
