number of dimensions,execution time
2,0
3,227.65130818066024
4,338.8059629238492
5,423.3580494407031
6,1020.101259097423
7,1513.0414050807726
