number of dimensions,execution time
2,0
3,246.79741609358408
4,449.09088453615135
5,627.9307979863615
6,1123.705746971919
7,1666.425864480705
