number of dimensions,execution time
2,0
3,104.2377059706663
4,188.0060413787974
5,296.9868927268958
6,1059.0954022428086
7,1661.896975594994
