number of dimensions,execution time
2,20.808403253555298
3,35.12937128543854
4,40.905983448028564
5,42.45410752296448
6,43.96577858924866
7,45.39209318161011
