number of dimensions,execution time
2,18.84904718399048
3,27.935171127319336
4,39.489058038
5,42.735947593829
6,50.4837937038202
7,63.79877979232
