number of dimensions,execution time
2,17.275771856307983
3,26.595633149147034
4,38.76889204978943
5,42.66592073440552
6,51.6687476634979
7,60.40963220596313
