number of dimensions,execution time
2,14.457178115844727
3,24.745426654815674
4,35.31011176109314
5,39.31757283210754
6,47.7026381492615
7,51.4339566230774
