number of partitions,execution time
60,0
120,112.03887224197388
240,274.32528948783875
360,374.9392960071564
600,573.6755423545837
840,1200.2808001
