number of cores,local skyline
4,502.5467212200165
16,430.39827496349267
48,400.8237948324928
80,343.913423096344
120,298.96880745887756
