number of cores,local skyline
4,391.2938736282
16,326.191282726181
48,285.7364278634868
80,237.31343480492401
120,193.0981903076172
