number of cores,local skyline
4,389.2873927933
16,304.1818327373
48,245.29292828
80,220.723213218994
120,150.99101209640503
