number of cores,local skyline
4,415.3749382742749
16,364.394862836422
48,325.2930798274975
80,284.82734972934
120,243.38798237972
