number of dimensions,execution time
2,36.403619050979614
3,14.422224044799805
4,89.67422318458557
5,506.63706636428833
6,2299.8714666366577
7,5487.072370290756
