number of dimensions,execution time
2,14.159430980682373
3,31.89473557472229
4,330.54063868522644
5,1411.726830482483
6,4961.974772691727
7,13433.288630247116
