number of dimensions,execution time
2,5.5893120765686035
3,11.051564693450928
4,75.64665246009827
5,374.5939872264862
6,1618.9005689620972
7,5258.050531387329
