number of dimensions,execution time
2,22.48662805557251
3,27.071776628494263
4,272.1505947113037
5,1455.161387205124
6,3806.6352643966675
7,10423.484186410904
