number of dimensions,execution time
2,22.75890936238673
3,35.96003927507516
4,101.69287446217538
5,265.43322611223215
6,400.98598554696974
7,507.2323874320841
