number of dimensions,execution time
2,62.270617266753874
3,63.38805003522489
4,204.38167732920996
5,502.7906282466532
6,732.8282571668908
7,1038.2846331412945
