number of dimensions,execution time
2,31.78247987475075
3,142.57088294221018
4,244.38159933353913
5,401.3773788082495
6,612.9519689685021
7,839.304464570203
