number of dimensions,execution time
2,45.66238761997468
3,95.09777809343862
4,159.6417596092581
5,387.3269703332612
6,528.4370293612405
7,626.5217024009887
