number of points,execution time
0,0.0
1000000,418.5525417327881
10000000,932.8903436660767
25000000,2843.6529636383057
50000000,6846.705043315887
75000000,11460.376971960068
100000000,17356.805056333542
