number of points,execution time
0,0.0
1000000,88.36216330528259
10000000,387.66138553619385
25000000,981.2678337097168
50000000,1872.1918106079102
75000000,2811.882084608078
100000000,3849.998676776886
