number of points,execution time
0,0.0
1000000,117.32177734375
10000000,374.2834687232971
25000000,1014.4438624382019
50000000,2184.47784781456
75000000,3594.813859462738
100000000,4875.635087490082
