number of points,execution time
0,0.0
1000000,247.81607389450073
10000000,1235.3065133094788
25000000,3621.5948283672333
50000000,8409.118050336838
75000000,12712.393373250961
100000000,18234.11226272583
