number of partitions,execution time
81,15896.936974874416
256,15670.914002464626
625,15880.852219944634
1296,16014.384568434241
2401,16740.317945242616
4096,16864.72849634644
