number of partitions,execution time
81,11.49537444114685
256,5.343401908874512
625,6.496361017227173
1296,15.645061492919922
2401,20.078274965286255
4096,28.802525281906128
