number of points,execution time
0,0.0
1000000,21.688872575759888
10000000,153.89469265937805
25000000,265.99244475364685
50000000,390.8110320568085
75000000,503.89537811279297
100000000,713.7969672679901
