number of points,execution time
0,0.0
1000000,174.58942532539368
10000000,387.19518184661865
25000000,1081.918865442276
50000000,2043.660992383957
75000000,2573.3536660671234
100000000,3506.7419469356537
