number of points,execution time
0,0.0
1000000,221.59267663955688
10000000,397.4009692668915
25000000,766.4414405822754
50000000,2006.2606871128082
75000000,2515.805035829544
100000000,3186.538940668106
