number of points,execution time
0,0.0
1000000,49.70058798789978
10000000,52.83660888671875
25000000,60.79375147819519
50000000,77.35208868980408
75000000,102.9919981956482
100000000,166.49042963981628
