number of dimensions,execution time
2,268.37188959121704
3,158.9145970344543
4,853.4792304039
5,1524.8664569854739
6,3254.5717072486877
7,5433.864826481999
