number of dimensions,execution time
2,122.61795282363892
3,186.92736387252808
4,322.8798770904541
5,685.9909820556641
6,904.5717072486877
7,1080.6456303596497
