number of dimensions,execution time
2,133.75624656677246
3,151.5582537651062
4,521.704740524292
5,1288.0439162254333
6,2903.5977625846863
7,4966.844885349274
