number of dimensions,execution time
2,176.5423607826233
3,149.49979543685913
4,438.5903835296631
5,1005.847454071045
6,2382.907724380493
7,4511.524751186371
