number of cores,execution time
4,200.237928732
16,179.79612493515015
48,41.20012640953064
80,19.340989589691162
120,13.209548473358154
