number of cores,execution time
4,130.28374923742
16,93.51299381256104
48,31.8153395652771
80,23.76499104499817
120,11.79296708106995
