number of cores,execution time
4,550.3987974927
16,480.13624263682
48,400.294070274
80,355.3479237492875
120,300.380427427492
