number of cores,execution time
4,80.273927492739
16,44.60231375694275
48,8.58682894706726
80,6.369322776794434
120,6.805638790130615
