number of dimensions,execution time
2,2.2760889530181885
3,2.384629964828491
4,3.5219171047210693
5,5.60117506980896
6,9.50939440727234
7,13.667248010635376
