number of dimensions,execution time
2,1.148634910583496
3,2.756924629211426
4,5.553802490234375
5,6.790383577346802
6,8.972288608551025
7,13.272660255432129
