number of dimensions,execution time
2,3.497806549072266
3,3.481106996536255
4,11.106630325317383
5,15.3874923749274
6,17.387237239733
7,20.9324093274284
