number of dimensions,execution time
2,1.413271188735962
3,2.250213384628296
4,2.8534278869628906
5,2.6817874908447266
6,3.3760807514190674
7,5.577451229095459
