number of dimensions,execution time
2,400.234802384
3,414.0168310865474
4,871.351530999772
5,954.641297960748
6,5418.04327503632
7,9034.825691557713
