number of dimensions,execution time
2,667.238974923742
3,771.504188021476
4,1017.711480163016
5,1530.132518384642
6,10637.57383208574
7,14764.41475428037
