number of dimensions,execution time
2,700.387492874
3,766.769386105789
4,1461.399059593292
5,1593.774693025793
6,12722.010560410552
7,15670.914002464626
