number of dimensions,execution time
2,723.32847934
3,805.82905652081
4,969.074160778874
5,1290.240241439431
6,19720.159663668852
7,26636.037302083143
