number of points,execution time
0,0.0
1000000,149.41222071647644
10000000,261.87058687210083
25000000,956.3559710979462
50000000,1517.4754738807678
75000000,2347.5285351276398
100000000,3080.957728624344
