number of points,execution time
0,0.0
1000000,24.56153631210327
10000000,52.416831254959106
25000000,60.121411085128784
50000000,76.0912299156189
75000000,101.32874250411987
100000000,139.9792492389679
