number of points,execution time
0,0.0
1000000,21.41842246055603
10000000,28.305190801620483
25000000,215.28059244155884
50000000,264.967405796051
75000000,427.78738737106323
100000000,512.7191007137299
