number of points,execution time
0,0.0
1000000,196.1452603340149
10000000,320.62675952911377
25000000,588.5151624679565
50000000,1676.9030213356018
75000000,2286.7241740226746
100000000,3006.8461537361145
