number of points,execution time
0,0.0
1000000,26.745426654815674
10000000,40.04639387130737
25000000,94.19875144958496
50000000,133.9975655078888
75000000,202.58525013923645
100000000,241.10974073410034
