number of points,execution time
0,0.0
1000000,27.935171127319336
10000000,41.83415174484253
25000000,110.52199304103851
50000000,244.08166706562042
75000000,261.94075644016266
100000000,413.1147235631943
