number of points,execution time
0,0.0
1000000,35.12937128543854
10000000,203.53564023971558
25000000,348.2131898403168
50000000,593.208059668541
75000000,882.6185315847397
100000000,1058.6631417274475
