number of points,execution time
0,0.0
1000000,24.595633149147034
10000000,32.91110396385193
25000000,88.18528652191162
50000000,183.14788937568665
75000000,287.1552348136902
100000000,370.37011981010437
