number of points,execution time
0,0.0
1000000,50.84714624616835
10000000,51.90406243006388
25000000,60.389253828260635
50000000,171.10442452960544
75000000,250.25303496254816
100000000,403.38161256578235
