number of points,execution time
0,0.0
1000000,24.489237202538384
10000000,33.951024214426674
25000000,44.99853981865777
50000000,57.04041984346178
75000000,83.08366934458415
100000000,107.48550626966689
