number of points,execution time
0,0.0
1000000,299.46323898103503
10000000,262.80113723542956
25000000,228.96460692087808
50000000,288.4488966729906
75000000,525.1239604420132
100000000,969.9760741657681
