number of points,execution time
0,0.0
1000000,162.55183352364435
10000000,175.77242851257324
25000000,202.40677727593317
50000000,269.21995480855304
75000000,530.5052863226996
100000000,811.3649619950188
