number of points,execution time
0,0.0
1000000,396.5926766395569
10000000,222.40096926689148
25000000,466.4414405822754
50000000,1206.2606871128082
75000000,1615.805035829544
100000000,3186.538940668106
