number of points,execution time
0,0.0
1000000,174.58942532539368
10000000,362.19518184661865
25000000,406.918865442276
50000000,943.6609923839569
75000000,1273.3536660671234
100000000,1756.7419469356537
