number of points,execution time
0,0.0
1000000,21.688872575759888
10000000,28.89469265937805
25000000,40.99244475364685
50000000,65.81103205680847
75000000,78.89537811279297
100000000,138.7969672679901
