number of points,execution time
0,0.0
1000000,57.52028822898865
10000000,29.412251710891724
25000000,49.496328830718994
50000000,93.46206784248352
75000000,169.3748116493225
100000000,229.62456941604614
