number of points,execution time
0,0.0
1000000,95.5151379108429
10000000,52.91842818260193
25000000,72.86203503608704
50000000,134.80105996131897
75000000,263.38908076286316
100000000,346.8621075153351
