number of points,execution time
0,0.0
1000000,176.95303559303284
10000000,51.82526111602783
25000000,102.89598107337952
50000000,277.0242989063263
75000000,476.62933468818665
100000000,703.536856174469
