number of points,execution time
0,0.0
1000000,367.79300570487976
10000000,270.4017460346222
25000000,965.6485021114349
50000000,2937.885481119156
75000000,5644.875526428223
100000000,9427.75964140892
