number of points,execution time
0,0
713935,666.2820465899692
1427870,748.0945725959862
2141805,934.3253104891432
2855740,1174.5326543623069
3569675,1661.896975594994
