number of points,execution time
0,0
713935,289.7454088622893
1427870,449.75570275086613
2141805,801.1262466278652
2855740,1102.2001351188328
3569675,1513.0414050807726
