number of points,execution time
0,0
713935,385.7187480520261
1427870,473.748718550738
2141805,871.5784665317287
2855740,1125.9283902687444
3569675,1666.425864480705
