number of points,execution time
0,0
713935,856.5783766645294
1427870,1027.1775931059738
2141805,1554.8227005233102
2855740,1895.3500983682693
3569675,2022.1617138665947
