number of points,execution time
0,0.0
1000000,240.75205326080322
10000000,197.11266358693442
25000000,423.0810721715291
50000000,788.9148871103922
75000000,1175.2536296844482
100000000,1761.4413102467854
