number of points,execution time
0,0.0
1000000,26.382875442504883
10000000,65.48140048980713
25000000,158.72035026550293
50000000,311.544148127238
75000000,513.5042826334635
100000000,707.412322362264
