number of points,execution time
0,0.0
1000000,203.13865343729654
10000000,210.07846196492514
25000000,403.2740195592244
50000000,650.5754391352335
75000000,824.631134668986
100000000,1289.780346552531
