number of points,execution time
0,0.0
1000000,105.51616350809734
10000000,126.59220695495605
25000000,327.2274096806844
50000000,526.2922366460165
75000000,723.5970497131348
100000000,1097.3154385884602
