number of dimensions,execution time
2,8.499260902404785
3,3.492173671722412
4,11.247405529022217
5,6.425661325454712
6,60.44277477264404
7,87.24233603477478
