number of dimensions,execution time
2,3.279188632965088
3,2.39658260345459
4,3.565186023712158
5,5.753349781036377
6,35.02276110649109
7,40.360350131988525
