number of dimensions,execution time
2,17.414679527282715
3,2.273998975753784
4,2.889798641204834
5,2.8205747604370117
6,3.8244001865386963
7,7.409208297729492
