number of dimensions,execution time
2,9.149801254272461
3,2.763295888900757
4,5.586412668228149
5,5.880155086517334
6,41.38977575302124
7,44.59653329849243
