number of points,execution time
0,0
409856,112.03887224197388
819712,274.32528948783875
1229568,374.9392960071564
1639424,573.6755423545837
2049280,1200.2808001
