number of points,execution time
0,0
409856,150.387497429
819712,390.138741979717
1229568,600.9382797497298
1639424,688.2080480280184
2049280,1498.218747102
