number of points,execution time
0,0
409856,144.08035516738892
819712,386.7700152397156
1229568,627.17622391237
1639424,801.1823791273918
2049280,1502.127427912
