number of points,execution time
0,0
409856,78.15141534805298
819712,180.237402307204
1229568,276.093842849084
1639424,400.2732032
2049280,876.32874274074
