number of points,execution time
0,0
409856,19.092179536819458
819712,54.56677198410034
1229568,115.04132175445557
1639424,120.7149143218994
2049280,150.99101209640503
