number of points,execution time
0,0
409856,15.218974351882935
819712,64.73584342002869
1229568,125.39846181869507
1639424,184.27718710899353
2049280,243.38798237972
