number of points,execution time
0,0
409856,102.54672122001648
819712,130.97843384742737
1229568,200.49819540977478
1639424,240.9776096343994
2049280,298.96880745887756
