number of points,execution time
0,0
409856,91.40331435203552
819712,96.74876999855042
1229568,115.7765200138092
1639424,137.30268049240112
2049280,193.0981903076172
