number of partitions,execution time
81,11196.936974874416
256,11172.968807458878
625,11188.852219944634
1296,12014.384568434241
2401,12040.317945242616
4096,12064.72849634644
